What is the primary purpose of declaring repositories in Gradle?<br><br>A. To specify where Gradle can download project dependencies<br>B. To define the structure of the project files<br>C. To manage user permissions for project access<br>D. To configure the build environment settings,<b>Correct Answer:</b> A<br><br>The primary purpose of declaring repositories in Gradle is to specify where Gradle can download the dependencies used in the project. This allows Gradle to locate and retrieve the necessary libraries and resources required for building the project.
"Which of the following is a type of repository that Gradle can utilize?<br><br>A. Only public repositories<br>B. Only local repositories<br>C. Public, private, and local repositories<br>D. Only repositories with custom URLs","<b>Correct Answer:</b> C<br><br>Gradle can utilize a variety of repository types, including public repositories (like Maven Central), private or custom repositories, and local repositories. This flexibility allows developers to manage dependencies from multiple sources effectively."
What happens if a library is available in multiple declared repositories in Gradle?<br><br>A. Gradle will download from all repositories listed.<br>B. Gradle will pick the first repository listed that contains the library.<br>C. Gradle will throw an error and stop the build process.<br>D. Gradle will randomly select one of the repositories to download from.,"<b>Correct Answer:</b> B<br><br>If a library is available in multiple declared repositories, Gradle will pick the first repository listed that contains the library. This behavior ensures that the build process is efficient and avoids unnecessary downloads."
What is a common use case for declaring a private or custom repository in Gradle?<br><br>A. To access open-source libraries from public repositories<br>B. To manage internal binaries and ensure security within an organization<br>C. To simplify the build script by reducing the number of dependencies<br>D. To automatically update all dependencies to their latest versions,"<b>Correct Answer:</b> B<br><br>A common use case for declaring a private or custom repository in Gradle is to manage internal binaries and ensure security within an organization. This allows teams to publish and control access to their own libraries and dependencies, which is crucial for enterprise projects."
What is the primary purpose of declaring repositories in Gradle?<br><br>A. To specify where Gradle can download project dependencies<br>B. To define the structure of the project files<br>C. To manage user permissions for project access<br>D. To configure the build environment settings,"<b>Correct Answer:</b> A<br><br>The primary purpose of declaring repositories in Gradle is to specify where Gradle can download the dependencies used in the project. This allows Gradle to locate and retrieve the necessary libraries and resources from various sources, such as public or private repositories."
"Which of the following is a type of repository that Gradle can utilize?<br><br>A. Only public repositories<br>B. Only local repositories<br>C. Public, private, and local repositories<br>D. Only repositories with custom URLs","<b>Correct Answer:</b> C<br><br>Gradle can utilize a variety of repository types, including public repositories (like Maven Central), private repositories (accessible within an organization), and local repositories (such as the local Maven cache). This flexibility allows developers to manage dependencies from multiple sources."
What happens if a library is available in multiple declared repositories in Gradle?<br><br>A. Gradle will download from all repositories listed.<br>B. Gradle will pick the first repository listed that contains the library.<br>C. Gradle will throw an error and stop the build process.<br>D. Gradle will randomly select one of the repositories to download from.,"<b>Correct Answer:</b> B<br><br>If a library is available in multiple declared repositories, Gradle will pick the first repository listed that contains the library. This behavior ensures that the build process is efficient and avoids unnecessary downloads from multiple sources."
Which of the following is NOT a supported repository type in Gradle?<br><br>A. Maven compatible repositories<br>B. Ivy compatible repositories<br>C. Flat directory repositories<br>D. Excel file repositories,"<b>Correct Answer:</b> D<br><br>Excel file repositories are not a supported repository type in Gradle. Gradle supports various types of repositories, including Maven compatible, Ivy compatible, and flat directory repositories, but not formats like Excel files."
What is the primary purpose of a Maven repository in Gradle?<br><br>A. To store project source code<br>B. To download and manage project dependencies<br>C. To compile Java code<br>D. To execute unit tests,"<b>Correct Answer:</b> B<br><br>The primary purpose of a Maven repository in Gradle is to download and manage project dependencies. These repositories provide access to libraries and other resources that a project may need, allowing Gradle to resolve and retrieve them automatically during the build process."
"Which of the following is a type of repository that Gradle can utilize?<br><br>A. Only public repositories<br>B. Only local repositories<br>C. Public, private, and local repositories<br>D. Only custom repositories","<b>Correct Answer:</b> C<br><br>Gradle can utilize public, private, and local repositories for dependency resolution. This flexibility allows developers to access a wide range of libraries, whether they are open-source, internal to an organization, or stored locally."
How does Gradle determine which repository to use when multiple repositories contain the same dependency?<br><br>A. It randomly selects one of the repositories.<br>B. It always chooses the last repository listed.<br>C. It picks the first repository listed in the configuration.<br>D. It requires user input to select a repository.,"<b>Correct Answer:</b> C<br><br>When multiple repositories contain the same dependency, Gradle picks the first repository listed in the configuration. This behavior ensures that the resolution process is efficient and predictable, allowing developers to control the order of repository preference."
What is a common use case for declaring a private or custom repository in Gradle?<br><br>A. To access public open-source libraries<br>B. To manage internal binaries and ensure security<br>C. To compile code faster<br>D. To run automated tests,"<b>Correct Answer:</b> B<br><br>A common use case for declaring a private or custom repository in Gradle is to manage internal binaries and ensure security. Organizations often use private repositories to store proprietary libraries, control access, and maintain the availability of their internal resources."
What is the primary purpose of declaring an Ivy repository in Gradle?<br><br>A. To specify a source for downloading dependencies in a custom layout<br>B. To manage user permissions for accessing dependencies<br>C. To define the build script language used in the project<br>D. To configure the project's version control system,"<b>Correct Answer:</b> A<br><br>The primary purpose of declaring an Ivy repository in Gradle is to specify a source for downloading dependencies that may follow a custom layout. Ivy repositories allow for flexibility in how artifacts are organized and retrieved, making them suitable for various project needs."
Which of the following is a characteristic of Ivy repositories in Gradle?<br><br>A. They can only be used for public dependencies.<br>B. They support custom layouts for artifact organization.<br>C. They are limited to local file systems only.<br>D. They do not require any URL specification.,"<b>Correct Answer:</b> B<br><br>Ivy repositories in Gradle support custom layouts for organizing artifacts, allowing developers to define how dependencies are structured and accessed. This flexibility is one of the key features that distinguishes Ivy repositories from other types."
What type of connectivity can be used with Ivy repositories in Gradle?<br><br>A. Only HTTP connections<br>B. Only local file system access<br>C. Various remote protocols including HTTPS and SFTP<br>D. Only authenticated connections,"<b>Correct Answer:</b> C<br><br>Ivy repositories in Gradle can utilize various remote protocols, including HTTPS and SFTP, for accessing dependencies. This allows for a wide range of connectivity options, making it easier to integrate with different repository types."
What is the primary purpose of a local repository in Gradle?<br><br>A. To store dependencies that are only accessible within the local environment<br>B. To download dependencies from public internet sources<br>C. To manage user access and security for external libraries<br>D. To automatically update dependencies from remote repositories,"<b>Correct Answer:</b> A<br><br>The primary purpose of a local repository in Gradle is to store dependencies that are only accessible within the local environment. This allows developers to manage and use libraries that are not available in public repositories, ensuring that the project can build successfully with the required dependencies."
How can a local Maven repository be declared in a Gradle build script?<br><br>A. By specifying a URL to a remote server<br>B. By adding a block that references the local Maven cache<br>C. By using a shorthand notation for public repositories<br>D. By defining a custom layout for the repository,"<b>Correct Answer:</b> B<br><br>A local Maven repository can be declared in a Gradle build script by adding a block that references the local Maven cache. This allows Gradle to resolve dependencies that are stored locally, facilitating the build process without needing to access external repositories."
Which of the following is a characteristic of local repositories in Gradle?<br><br>A. They require internet access to function properly<br>B. They can only store public dependencies<br>C. They are typically used for internal or custom libraries<br>D. They automatically synchronize with remote repositories,"<b>Correct Answer:</b> C<br><br>Local repositories in Gradle are typically used for internal or custom libraries. They allow teams to manage dependencies that are not available in public repositories, providing a way to include proprietary or in-house developed libraries in their projects."
What is the primary purpose of declaring a custom repository in Gradle?<br><br>A. To download dependencies from public sources only<br>B. To manage internal binaries and ensure security within an organization<br>C. To automatically update all dependencies to the latest version<br>D. To convert dependencies into a different format,"<b>Correct Answer:</b> B<br><br>The primary purpose of declaring a custom repository in Gradle is to manage internal binaries and ensure security within an organization. Custom repositories allow teams to publish and manage their own artifacts, control access, and maintain availability, which is essential for enterprise projects."
Which of the following is a valid method to declare a custom repository in Gradle?<br><br>A. repositories { mavenLocal() }<br>B. repositories { maven { url = uri('https://custom.repo') } }<br>C. repositories { flatDir { dirs('libs') } }<br>D. repositories { google() },"<b>Correct Answer:</b> B<br><br>To declare a custom repository in Gradle, you can use the method 'maven { url = uri('https://custom.repo') }'. This allows you to specify a custom URL for a Maven repository, which is essential for accessing less common or private repositories."
What type of repository allows Gradle to resolve dependencies from a local file system?<br><br>A. Public repository<br>B. Custom repository<br>C. Local repository<br>D. Remote repository,"<b>Correct Answer:</b> C<br><br>A local repository allows Gradle to resolve dependencies from the local file system. This is useful for accessing dependencies that are not available in remote repositories, such as internal libraries or artifacts stored on the developer's machine."
Which of the following statements is true regarding Gradle's support for repository types?<br><br>A. Gradle only supports Maven repositories.<br>B. Gradle can resolve dependencies from various formats and connectivity options.<br>C. Gradle requires all repositories to be publicly accessible.<br>D. Gradle does not support local repositories.,"<b>Correct Answer:</b> B<br><br>Gradle supports resolving dependencies from various formats and connectivity options, including Maven, Ivy, and local directories. This flexibility allows developers to configure their projects to use a wide range of repositories based on their needs."
What is the primary purpose of a public repository in Gradle?<br><br>A. To store private binaries for internal use<br>B. To download and consume open source dependencies<br>C. To manage user access and security for projects<br>D. To compile source code into executable files,"<b>Correct Answer:</b> B<br><br>The primary purpose of a public repository in Gradle is to download and consume open source dependencies. Public repositories, such as Maven Central, provide access to a wide range of libraries that can be used in software projects, allowing developers to leverage existing code."
Which of the following is an example of a public repository that Gradle can use?<br><br>A. A local file directory<br>B. Maven Central<br>C. An internal company server<br>D. A private GitHub repository,"<b>Correct Answer:</b> B<br><br>Maven Central is a well-known public repository that Gradle can use to download dependencies. It hosts a vast collection of open source libraries, making it a key resource for developers looking to integrate third-party code into their projects."
How does Gradle handle dependencies when multiple repositories are declared?<br><br>A. It randomly selects one repository to use.<br>B. It picks the first repository that contains the dependency.<br>C. It combines all repositories into one.<br>D. It ignores all but the last declared repository.,"<b>Correct Answer:</b> B<br><br>When multiple repositories are declared in Gradle, it will pick the first repository that contains the requested dependency. This allows for efficient resolution of dependencies, ensuring that the first available version is used."
What is a common shorthand notation used in Gradle to declare a public repository?<br><br>A. local()<br>B. mavenCentral()<br>C. customRepo()<br>D. private(),<b>Correct Answer:</b> B<br><br>The shorthand notation 'mavenCentral()' is commonly used in Gradle to declare the Maven Central public repository. This notation simplifies the process of adding widely-used repositories to a Gradle build script.
What is the primary purpose of declaring repositories in Gradle?<br><br>A. To specify where Gradle can download project dependencies<br>B. To define the structure of the project files<br>C. To manage user permissions for project access<br>D. To configure the build environment settings,"<b>Correct Answer:</b> A<br><br>The primary purpose of declaring repositories in Gradle is to specify where Gradle can download the dependencies used in the project. This allows Gradle to locate and retrieve the necessary libraries and resources from various sources, such as public or private repositories."
"Which of the following is a type of repository that Gradle can utilize?<br><br>A. Only public repositories<br>B. Only local repositories<br>C. Public, private, and local repositories<br>D. Only repositories with custom URLs","<b>Correct Answer:</b> C<br><br>Gradle can utilize a variety of repository types, including public repositories, private repositories, and local repositories. This flexibility allows developers to source dependencies from multiple locations based on their project needs."
What is a common shorthand notation used in Gradle for public repositories?<br><br>A. local()<br>B. mavenCentral()<br>C. customRepo()<br>D. private(),<b>Correct Answer:</b> B<br><br>A common shorthand notation used in Gradle for public repositories is 'mavenCentral()'. This notation allows developers to easily declare the Maven Central repository as a source for downloading dependencies without needing to specify the full URL.
"When multiple repositories are declared in Gradle, how does it determine which one to use if a library is available in more than one?<br><br>A. It randomly selects one of the repositories.<br>B. It picks the last repository declared.<br>C. It picks the first repository listed.<br>D. It requires user input to select the repository.","<b>Correct Answer:</b> C<br><br>When multiple repositories are declared in Gradle and a library is available in more than one, Gradle will simply pick the first repository listed. This behavior ensures that the resolution process is efficient and predictable."
What is the primary purpose of declaring repositories in Gradle?<br><br>A. To specify where Gradle can download project dependencies<br>B. To define the structure of the project files<br>C. To manage user permissions for project access<br>D. To configure the build environment settings,<b>Correct Answer:</b> A<br><br>The primary purpose of declaring repositories in Gradle is to specify where Gradle can download the dependencies used in the project. This allows Gradle to locate and retrieve the necessary libraries and resources required for building the project.
"Which of the following is a type of repository that Gradle can resolve dependencies from?<br><br>A. Only local repositories<br>B. Only public repositories<br>C. Maven, Ivy, and flat directory repositories<br>D. Only custom repositories","<b>Correct Answer:</b> C<br><br>Gradle can resolve dependencies from various types of repositories, including Maven repositories, Ivy repositories, and flat directory repositories. This flexibility allows developers to source dependencies from a wide range of locations and formats."
What happens if a library is available in multiple declared repositories in Gradle?<br><br>A. Gradle will download from all repositories simultaneously.<br>B. Gradle will pick the first available library from the listed repositories.<br>C. Gradle will ignore the library and throw an error.<br>D. Gradle will prompt the user to choose which repository to use.,"<b>Correct Answer:</b> B<br><br>If a library is available from more than one of the declared repositories, Gradle will simply pick the first one it encounters in the order they are listed. This behavior ensures efficient resolution of dependencies without unnecessary duplication."
What is a common use case for declaring a private or custom repository in Gradle?<br><br>A. To access public open-source libraries<br>B. To manage internal binaries and ensure security within an organization<br>C. To configure the build script syntax<br>D. To define the project's version control system,"<b>Correct Answer:</b> B<br><br>A common use case for declaring a private or custom repository in Gradle is to manage internal binaries and ensure security within an organization. This allows teams to publish and consume dependencies that are not available in public repositories, while also controlling access and maintaining uptime."
